{"cameraMode":{"drawMode":0,"name":"Shaded","section":"Shading Mode"},"sceneLighting":true,"audioPlay":false,"sceneViewState":{"showFog":true,"showMaterialUpdate":false,"showSkybox":true,"showFlares":true,"showImageEffects":true,"showParticleSystems":true},"in2DMode":false,"pivot":{"x":-2.7003331184387209,"y":3.0799686908721926,"z":-42.53129959106445},"rotation":{"x":0.2104232758283615,"y":-0.29131752252578738,"z":0.0658549815416336,"w":0.9308937191963196},"size":8.573651313781739,"orthographic":false}