{"cameraMode":{"drawMode":0,"name":"Shaded","section":"Shading Mode"},"sceneLighting":true,"audioPlay":false,"sceneViewState":{"showFog":true,"showMaterialUpdate":false,"showSkybox":true,"showFlares":true,"showImageEffects":true,"showParticleSystems":true},"in2DMode":false,"pivot":{"x":-25.626201629638673,"y":10.926013946533204,"z":-45.05397033691406},"rotation":{"x":-0.03704218938946724,"y":0.7728337645530701,"z":-0.04220825061202049,"w":-0.6333629488945007},"size":20.712377548217775,"orthographic":false}