{"cameraMode":{"drawMode":0,"name":"Shaded","section":"Shading Mode"},"sceneLighting":false,"audioPlay":false,"sceneViewState":{"showFog":true,"showMaterialUpdate":false,"showSkybox":false,"showFlares":true,"showImageEffects":true,"showParticleSystems":true},"in2DMode":false,"pivot":{"x":15.259175300598145,"y":3.690342903137207,"z":-1.6723588705062867},"rotation":{"x":0.3886077404022217,"y":0.035771019756793979,"z":-0.015256401151418686,"w":0.9209333658218384},"size":6.457885265350342,"orthographic":false}