{"cameraMode":{"drawMode":0,"name":"Shaded","section":"Shading Mode"},"sceneLighting":true,"audioPlay":false,"sceneViewState":{"showFog":true,"showMaterialUpdate":false,"showSkybox":true,"showFlares":true,"showImageEffects":true,"showParticleSystems":true},"in2DMode":false,"pivot":{"x":-6.080799102783203,"y":1.6403000354766846,"z":-47.900001525878909},"rotation":{"x":0.3886077404022217,"y":0.035771019756793979,"z":-0.015256401151418686,"w":0.9209333658218384},"size":12.515233039855957,"orthographic":false}